
CREATE DATABASE bd_sura4;
GO
USE bd_sura4;
GO

/* CREACIÓN DE TABLAS */
CREATE TABLE ARRIENDO_CAMION 
(id_arriendo INT NOT NULL CONSTRAINT PK_ARRIENDO_CAMION PRIMARY KEY identity(1,1),
 nro_patente VARCHAR(6) NOT NULL,
 numrun_cli INT NOT NULL,
 fecha_ini_arriendo DATE NOT NULL,
 dias_solicitados INT,
 fecha_devolucion DATE);


CREATE TABLE TIPO_SALUD  
(id_tipo_sal  VARCHAR (3) NOT NULL CONSTRAINT PK_TIPO_SALUD PRIMARY KEY,
descripcion VARCHAR (100) NOT NULL,
pct_sueldo  INT NOT NULL);


CREATE TABLE CLIENTE
(numrun_cli INT NOT NULL CONSTRAINT PK_CLIENTE PRIMARY KEY,
 dvrun_cli VARCHAR(1) NOT NULL,
 appaterno_cli VARCHAR(30) NOT NULL,
 apmaterno_cli VARCHAR(30) NOT NULL,
 pnombre_cli VARCHAR(30) NOT NULL,
 snombre_cli VARCHAR(30),
 direccion VARCHAR(60) NOT NULL,
 celular_cli INT,
 fono_fijo_cli INT, 
 renta INT NOT NULL,
 fecha_nac_cli DATE,
 id_comuna INT,
 id_tipo_cli VARCHAR(1) NOT NULL,
 id_estado_civil INT NOT NULL);


CREATE TABLE COMUNA
(id_comuna INT NOT NULL CONSTRAINT PK_COMUNA PRIMARY KEY IDENTITY(1,1),
 nombre_comuna VARCHAR(30) NOT NULL CONSTRAINT UN_COMUNA_NOMCOMUNA UNIQUE);


CREATE TABLE EMPLEADO
(numrun_emp INT NOT NULL CONSTRAINT PK_EMPLEADO PRIMARY KEY ,
 dvrun_emp VARCHAR(1) NOT NULL,
 appaterno_emp VARCHAR(30) NOT NULL,
 apmaterno_emp VARCHAR(30) NOT NULL,
 pnombre_emp VARCHAR(25) NOT NULL,
 snombre_emp VARCHAR(25),
 direccion_emp VARCHAR(60) NOT NULL,
 sexo CHAR(1) NOT NULL CONSTRAINT CHK_SEXO CHECK (sexo IN ('F','M')),
 celular_emp INT,
 fono_fijo_emp INT,
 fecha_nac DATE NOT NULL,
 fecha_contrato DATE NOT NULL,
 sueldo_base INT NOT NULL,
 id_comuna INT,
 id_tipo_sal VARCHAR(3) NOT NULL,
 id_estado_civil INT NOT NULL);


CREATE TABLE MARCA
(id_marca INT NOT NULL CONSTRAINT PK_MARCA PRIMARY KEY IDENTITY(1,1),
 nombre_marca VARCHAR(20) NOT NULL);


CREATE TABLE TIPO_CLIENTE
(id_tipo_cli VARCHAR(1) NOT NULL CONSTRAINT PK_TIPO_CLIENTE PRIMARY KEY  ,
 nombre_tipo_cli VARCHAR(15) NOT NULL);


CREATE TABLE TIPO_CAMION
(id_tipo_camion VARCHAR(1) NOT NULL CONSTRAINT PK_TIPO_CAMION PRIMARY KEY,
 nombre_tipo_camion VARCHAR(40) NOT NULL);


CREATE TABLE CAMION 
(nro_patente VARCHAR(6) NOT NULL CONSTRAINT PK_CAMION PRIMARY KEY,
 color VARCHAR(15) NOT NULL,
 motor VARCHAR(5) NOT NULL,
 anio  INT,
 valor_arriendo_dia INT NOT NULL,
 valor_garantia_dia INT,
 id_tipo_camion VARCHAR NOT NULL,
 numrun_emp INT,
 id_marca INT NOT NULL);

CREATE TABLE ESTADO_CIVIL 
(id_estado_civil INT NOT NULL CONSTRAINT ESTADO_CIVIL_PK PRIMARY KEY IDENTITY(1,1),
 nombre_estado_civil VARCHAR(25) NOT NULL);

ALTER TABLE arriendo_camion
    ADD CONSTRAINT fk_arriendocamion_cliente FOREIGN KEY (numrun_cli)
        REFERENCES cliente (numrun_cli);

ALTER TABLE arriendo_camion
    ADD CONSTRAINT fk_arriendocamion_camion FOREIGN KEY(nro_patente)
        REFERENCES camion(nro_patente);

ALTER TABLE cliente
    ADD CONSTRAINT fk_cliente_comuna FOREIGN KEY (id_comuna)
        REFERENCES comuna (id_comuna);

ALTER TABLE cliente
    ADD CONSTRAINT fk_cliente_tipocliente FOREIGN KEY (id_tipo_cli)
        REFERENCES tipo_cliente(id_tipo_cli);

ALTER TABLE cliente
    ADD CONSTRAINT fk_cliente_estado_civil FOREIGN KEY (id_estado_civil)
        REFERENCES estado_civil(id_estado_civil);

ALTER TABLE empleado
    ADD CONSTRAINT fk_empleado_comuna FOREIGN KEY (id_comuna)
        REFERENCES comuna(id_comuna);

ALTER TABLE empleado
    ADD CONSTRAINT fk_empleado_estado_civil FOREIGN KEY (id_estado_civil)
        REFERENCES estado_civil(id_estado_civil);
        
ALTER TABLE empleado
    ADD CONSTRAINT fk_empleado_tipo_salud FOREIGN KEY (id_tipo_sal)
        REFERENCES tipo_salud(id_tipo_sal);        

ALTER TABLE camion
    ADD CONSTRAINT fk_camion_empleado FOREIGN KEY (numrun_emp)
        REFERENCES empleado(numrun_emp);

ALTER TABLE camion
    ADD CONSTRAINT fk_camion_marca FOREIGN KEY (id_marca)
        REFERENCES marca (id_marca);

ALTER TABLE camion
    ADD CONSTRAINT fk_camion_tipo_camion_fk FOREIGN KEY (id_tipo_camion)
        REFERENCES tipo_camion(id_tipo_camion);

INSERT INTO  TIPO_SALUD VALUES('F','Fonasa', 7.2);
INSERT INTO  TIPO_SALUD VALUES('I','Isapre', 8.3);
INSERT INTO  TIPO_SALUD VALUES('FA','Fuerzas Armada', 4.5);
INSERT INTO  TIPO_SALUD VALUES('C','Carabineros y PDI', 5.3);
INSERT INTO  TIPO_SALUD VALUES('P','Particular', 11.3);


INSERT INTO comuna VALUES ('Las Condes');
INSERT INTO comuna VALUES ('Providencia');
INSERT INTO comuna VALUES ('Santiago');
INSERT INTO comuna VALUES ('Ñuñoa');
INSERT INTO comuna VALUES ('Vitacura');
INSERT INTO comuna VALUES ('La Reina');
INSERT INTO comuna VALUES ('La Florida');
INSERT INTO comuna VALUES ('Maipú');
INSERT INTO comuna VALUES ('Lo Barnechea');
INSERT INTO comuna VALUES ('Macul');
INSERT INTO comuna VALUES ('San Miguel');
INSERT INTO comuna VALUES ('Peñalolén');
INSERT INTO comuna VALUES ('Puente Alto');
INSERT INTO comuna VALUES ('Recoleta');
INSERT INTO comuna VALUES ('Estación Central');
INSERT INTO comuna VALUES ('San Bernardo');
INSERT INTO comuna VALUES ('Independencia');
INSERT INTO comuna VALUES ('La Cisterna');
INSERT INTO comuna VALUES ('Quilicura');
INSERT INTO comuna VALUES ('Quinta Normal');
INSERT INTO comuna VALUES ('Conchalí');
INSERT INTO comuna VALUES ('San Joaquín');
INSERT INTO comuna VALUES ('Huechuraba');
INSERT INTO comuna VALUES ('El Bosque');
INSERT INTO comuna VALUES ('Cerrillos');
INSERT INTO comuna VALUES ('Cerro Navia');
INSERT INTO comuna VALUES ('La Granja');
INSERT INTO comuna VALUES ('La Pintana');
INSERT INTO comuna VALUES ('Lo Espejo');
INSERT INTO comuna VALUES ('Lo Prado');
INSERT INTO comuna VALUES ('Pedro Aguirre Cerda');
INSERT INTO comuna VALUES ('Pudahuel');
INSERT INTO comuna VALUES ('Renca');
INSERT INTO comuna VALUES ('San Ramón');
INSERT INTO comuna VALUES ('Melipilla');
INSERT INTO comuna VALUES ('San Pedro');
INSERT INTO comuna VALUES ('Alhué');
INSERT INTO comuna VALUES ('María Pinto');
INSERT INTO comuna VALUES ('Curacaví');
INSERT INTO comuna VALUES ('Talagante');
INSERT INTO comuna VALUES ('El Monte');
INSERT INTO comuna VALUES ('Buin');
INSERT INTO comuna VALUES ('Paine');
INSERT INTO comuna VALUES ('Peñaflor');
INSERT INTO comuna VALUES ('Isla de Maipo');
INSERT INTO comuna VALUES ('Colina');
INSERT INTO comuna VALUES ('Pirque');

INSERT INTO tipo_camion  VALUES ('A','Tradicional 6 Toneladas');
INSERT INTO tipo_camion  VALUES ('B','Frigorífico');
INSERT INTO tipo_camion  VALUES ('C','Camión 3/4');
INSERT INTO tipo_camion  VALUES ('D','Trailer');
INSERT INTO tipo_camion  VALUES ('E','Tolva');

INSERT INTO tipo_cliente VALUES ('A','Socio');
INSERT INTO tipo_cliente VALUES ('B','VIP');
INSERT INTO tipo_cliente VALUES ('C','Nacional');
INSERT INTO tipo_cliente VALUES ('D','Extranjero');

INSERT INTO ESTADO_CIVIL VALUES ('CASADO');
INSERT INTO ESTADO_CIVIL VALUES ('DIVORCIADO');
INSERT INTO ESTADO_CIVIL VALUES ('SOLTERO');
INSERT INTO ESTADO_CIVIL VALUES ('VIUDO');
INSERT INTO ESTADO_CIVIL VALUES ('SEPARADO');
INSERT INTO ESTADO_CIVIL VALUES ('ACUERDO DE UNION CIVIL');



INSERT INTO EMPLEADO VALUES (11649964,'0','GALVEZ','CASTRO','MARTA','PATRICIA','CLOVIS MONTERO 0260 D/202','F',52710253,'23417556',DATEADD(DAY, rand(checksum(newid()))*(1+datediff(DAY, '1980-01-01', '1996-01-31')),  '1980-01-01'),DATEADD(DAY, rand(checksum(newid()))*(1+datediff(DAY, '2016-01-01', '2023-01-31')),  '2023-01-01'),350000,1,'F',1);
INSERT INTO EMPLEADO VALUES (12113369,'4','ROMERO','DIAZ','NANCY',NULL,'TENIENTE RAMON JIMENEZ 4753','F',55212406,'25631567',DATEADD(DAY, rand(checksum(newid()))*(1+datediff(DAY, '1980-01-01', '1996-01-31')),  '1980-01-01'),DATEADD(DAY, rand(checksum(newid()))*(1+datediff(DAY, '2016-01-01', '2023-01-31')),  '2023-01-01'),2710153,2,'FA',2);
INSERT INTO EMPLEADO VALUES (12456905,'1','CANALES','BASTIAS','JORGE','FERNANDO','GENERAL CONCHA PEDREGAL #885','M',77413705,'27779827',DATEADD(DAY, rand(checksum(newid()))*(1+datediff(DAY, '1980-01-01', '1996-01-31')),  '1980-01-01'),DATEADD(DAY, rand(checksum(newid()))*(1+datediff(DAY, '2016-01-01', '2023-01-31')),  '2023-01-01'),2945675,2,'FA',2);
INSERT INTO EMPLEADO VALUES (12466553,'2','VIDAL','PEREZ','MARIA','TERESA','FCO. DE CAMARGO 14515 D/14','F',92853737,NULL,DATEADD(DAY, rand(checksum(newid()))*(1+datediff(DAY, '1980-01-01', '1996-01-31')),  '1980-01-01'),DATEADD(DAY, rand(checksum(newid()))*(1+datediff(DAY, '2016-01-01', '2023-01-31')),  '2023-01-01'),1202614,3,'I',3);
INSERT INTO EMPLEADO VALUES (11745244,'3','VENEGAS','SOTO','KARINA','SOFIA','ARICA 3850','F',52794874,'27790734',DATEADD(DAY, rand(checksum(newid()))*(1+datediff(DAY, '1980-01-01', '1996-01-31')),  '1980-01-01'),DATEADD(DAY, rand(checksum(newid()))*(1+datediff(DAY, '2016-01-01', '2023-01-31')),  '2023-01-01'),1439042,3,'I',3);
INSERT INTO EMPLEADO VALUES (11999100,'4','CONTRERAS','CASTILLO','CLAUDIO',NULL,'ISABEL RIQUELME 6075','M',85450443,'27764142',DATEADD(DAY, rand(checksum(newid()))*(1+datediff(DAY, '1980-01-01', '1996-01-31')),  '1980-01-01'),DATEADD(DAY, rand(checksum(newid()))*(1+datediff(DAY, '2016-01-01', '2023-01-31')),  '2023-01-01'),364163,3,'F',4);
INSERT INTO EMPLEADO VALUES (12888868,'5','PAEZ','MACMILLAN','JOSE','PATRICIO','FERNANDEZ CONCHA 500','M',55341874,'22399493',DATEADD(DAY, rand(checksum(newid()))*(1+datediff(DAY, '1980-01-01', '1996-01-31')),  '1980-01-01'),DATEADD(DAY, rand(checksum(newid()))*(1+datediff(DAY, '2016-01-01', '2023-01-31')),  '2023-01-01'),1896155,4,'F',5);
INSERT INTO EMPLEADO VALUES (12811094,'6','MOLINA','GONZALEZ','PAULA','ANDREA','PJE.TIMBAL 1095 V/POMAIRE','F',62737281,'25313830',DATEADD(DAY, rand(checksum(newid()))*(1+datediff(DAY, '1980-01-01', '1996-01-31')),  '1980-01-01'),DATEADD(DAY, rand(checksum(newid()))*(1+datediff(DAY, '2016-01-01', '2023-01-31')),  '2023-01-01'),1757577,5,'I',6);
INSERT INTO EMPLEADO VALUES (14255602,'5','MUÑOZ','ROJAS','CARLOTA','MARINA','TERCEIRA 7426 V/LIBERTAD','F',97773749,'26490093',DATEADD(DAY, rand(checksum(newid()))*(1+datediff(DAY, '1980-01-01', '1996-01-31')),  '1980-01-01'),DATEADD(DAY, rand(checksum(newid()))*(1+datediff(DAY, '2016-01-01', '2023-01-31')),  '2023-01-01'),2658577,6,'F',2);
INSERT INTO EMPLEADO VALUES (11630572,'1','ARAVENA','HERBAGE','GUSTAVO','ESTEBAN','FERNANDO DE ARAGON 8420','M',88122441,'25588481',DATEADD(DAY, rand(checksum(newid()))*(1+datediff(DAY, '1980-01-01', '1996-01-31')),  '1980-01-01'),DATEADD(DAY, rand(checksum(newid()))*(1+datediff(DAY, '2016-01-01', '2023-01-31')),  '2023-01-01'),1957095,7,'F',6);
INSERT INTO EMPLEADO VALUES (11636534,'1','ADASME','ZUÑIGA','LUIS','ALFREDO','LITTLE ROCK 117 V/PDTE.KENNEDY','M',56434256,'26483081',DATEADD(DAY, rand(checksum(newid()))*(1+datediff(DAY, '1980-01-01', '1996-01-31')),  '1980-01-01'),DATEADD(DAY, rand(checksum(newid()))*(1+datediff(DAY, '2016-01-01', '2023-01-31')),  '2023-01-01'),1614934,8,'F',6);
INSERT INTO EMPLEADO VALUES (12272880,'K','LAPAZ','SEPULVEDA','MARCO',NULL,'GUARDIA MARINA. RIQUELME 561','M',75631102,'26038967',DATEADD(DAY, rand(checksum(newid()))*(1+datediff(DAY, '1980-01-01', '1996-01-31')),  '1980-01-01'),DATEADD(DAY, rand(checksum(newid()))*(1+datediff(DAY, '2016-01-01', '2023-01-31')),  '2023-01-01'),1352596,8,'I',2);
INSERT INTO EMPLEADO VALUES (11846972,'5','OGAZ','VARAS','MARCO','ANTONIO','OVALLE Nº5798 V/ OHIGGINS','M',76432652, NULL,DATEADD(DAY, rand(checksum(newid()))*(1+datediff(DAY, '1980-01-01', '1996-01-31')),  '1980-01-01'),DATEADD(DAY, rand(checksum(newid()))*(1+datediff(DAY, '2016-01-01', '2023-01-31')),  '2023-01-01'),325590,9,'F',2);
INSERT INTO EMPLEADO VALUES (14283083,'6','MONDACA','COLLAO','PEDRO','HERNAN','NUEVA COLON Nº1152','M',67416145,NULL,DATEADD(DAY, rand(checksum(newid()))*(1+datediff(DAY, '1980-01-01', '1996-01-31')),  '1980-01-01'),DATEADD(DAY, rand(checksum(newid()))*(1+datediff(DAY, '2016-01-01', '2023-01-31')),  '2023-01-01'),1144245,9,'F',2);
INSERT INTO EMPLEADO VALUES (14541837,'5','ALVAREZ','RIVERA','MARCO','LUIS','HONDURAS B/8908 D/102 L.BRISAS','M',65582082,'22875902',DATEADD(DAY, rand(checksum(newid()))*(1+datediff(DAY, '1980-01-01', '1996-01-31')),  '1980-01-01'),DATEADD(DAY, rand(checksum(newid()))*(1+datediff(DAY, '2016-01-01', '2023-01-31')),  '2023-01-01'),1541418,10,'FA',1);
INSERT INTO EMPLEADO VALUES (12482036,'1','OLAVE','CASTILLO','ADRIAN',NULL,'ELISA CORREA 188','M',52811129,'22888897',DATEADD(DAY, rand(checksum(newid()))*(1+datediff(DAY, '1980-01-01', '1996-01-31')),  '1980-01-01'),DATEADD(DAY, rand(checksum(newid()))*(1+datediff(DAY, '2016-01-01', '2023-01-31')),  '2023-01-01'),1068086,10,'F',2);
INSERT INTO EMPLEADO VALUES (12468081,'1','SANCHEZ','GONZALEZ','PAOLA','ANDREA','AV.OSSA 01240 V/MI VIÑITA','F',56832705,'25273328',DATEADD(DAY, rand(checksum(newid()))*(1+datediff(DAY, '1980-01-01', '1996-01-31')),  '1980-01-01'),DATEADD(DAY, rand(checksum(newid()))*(1+datediff(DAY, '2016-01-01', '2023-01-31')),  '2023-01-01'),1330355,10,'F',2);
INSERT INTO EMPLEADO VALUES (12260812,'0','RIOS','ZUÑIGA','RAFAEL','ALFONSO','LOS CASTAÑOS 1427 VILLA C.C.U.','M',96255762,'26410462',DATEADD(DAY, rand(checksum(newid()))*(1+datediff(DAY, '1980-01-01', '1996-01-31')),  '1980-01-01'),DATEADD(DAY, rand(checksum(newid()))*(1+datediff(DAY, '2016-01-01', '2023-01-31')),  '2023-01-01'),367056,10,'F',2);
INSERT INTO EMPLEADO VALUES (12899759,'1','CACERES','JIMENEZ','ERIKA',NULL,'PJE.NAVARINO 15758 V/P.DE OÑA','F',82936654,NULL,DATEADD(DAY, rand(checksum(newid()))*(1+datediff(DAY, '1980-01-01', '1996-01-31')),  '1980-01-01'),DATEADD(DAY, rand(checksum(newid()))*(1+datediff(DAY, '2016-01-01', '2023-01-31')),  '2023-01-01'),2281415,10,'F',1);
INSERT INTO EMPLEADO VALUES (12868553,'2','CHACON','AMAYA','PATRICIA','ROMINA','LO ERRAZURIZ 530 V/EL SENDERO','F',76442200,'25577963',DATEADD(DAY, rand(checksum(newid()))*(1+datediff(DAY, '1980-01-01', '1996-01-31')),  '1980-01-01'),DATEADD(DAY, rand(checksum(newid()))*(1+datediff(DAY, '2016-01-01', '2023-01-31')),  '2023-01-01'),1723055,12,'F',2);
INSERT INTO EMPLEADO VALUES (12648200,'3','NARVAEZ','MUÑOZ','LUIS','ANTONIO','AMBRIOSO OHIGGINS  2010','M',65351928,NULL,DATEADD(DAY, rand(checksum(newid()))*(1+datediff(DAY, '1980-01-01', '1996-01-31')),  '1980-01-01'),DATEADD(DAY, rand(checksum(newid()))*(1+datediff(DAY, '2016-01-01', '2023-01-31')),  '2023-01-01'),1966613,13,'I',3);
INSERT INTO EMPLEADO VALUES (11670042,'5','GONGORA','DEVIA','VALESKA','ANDREA','PASAJE VENUS 2765','F',67765258,'23244270',DATEADD(DAY, rand(checksum(newid()))*(1+datediff(DAY, '1980-01-01', '1996-01-31')),  '1980-01-01'),DATEADD(DAY, rand(checksum(newid()))*(1+datediff(DAY, '2016-01-01', '2023-01-31')),  '2023-01-01'),1635086,14,'P',4);
INSERT INTO EMPLEADO VALUES (12642309,'K','NAVARRO','SANTIBAÑEZ','JUAN','ESTEBAN','SANTA ELENA 300 V/LOS ALAMOS','F',52893123,'27441530',DATEADD(DAY, rand(checksum(newid()))*(1+datediff(DAY, '1980-01-01', '1996-01-31')),  '1980-01-01'),DATEADD(DAY, rand(checksum(newid()))*(1+datediff(DAY, '2016-01-01', '2023-01-31')),  '2023-01-01'),1659230,14,'F',4);

INSERT INTO CLIENTE VALUES('10639521','0','UVAL','RIQUELME','MIGUEL','ANGEL','SAN PABLO 7545 B/2 DPTO. 12','55285702','26439756','300000','08/18/1971','1','A','1');
INSERT INTO CLIENTE VALUES('13074837','1','AMENGUAL','SALDIAS','CESAR','MAURICIO','PJE.CODORNICES 1550 V/EL RODEO','8491680','22168405','400000','08/31/1989','2','B','1');
INSERT INTO CLIENTE VALUES('12251882','2','MORICE','DONOSO','CLAUDIO',null,'CHACALLUTA 9519','95292190','22814948','200000','08/17/1957','3','A','1');
INSERT INTO CLIENTE VALUES('10238830','3','SOTO','ARMAZAN','JUAN','MIGUEL','LOS MORELOS 803',null,'25237022','200000','08/17/1966','4','B','1');
INSERT INTO CLIENTE VALUES('12777063','4','VILLENA','CAVERO','PABLO',null,'NAVIDAD 1345 SEC.LA PALMILLA','8152298','26234565','600000','08/17/1963','4','A','1');
INSERT INTO CLIENTE VALUES('12467572','5','RIQUELME','BRIGNARDELLO','MIGUEL','ARTURO','AMERICO VESPUCIO 1505 V/MEXICO','85286676','25381416','500000','08/19/1964','4','B','1');
INSERT INTO CLIENTE VALUES('12866487','6','STOLLER','VARGAS','LORENA','ANDREA','PASCUAL BABURIZZA 655','77764463','22773144','250000','08/18/1978','4','A','1');
INSERT INTO CLIENTE VALUES('13463138','5','BRAVO','HENRIQUEZ','PABLO',null,'FLACO MARIN #107 V/ C. NORTE','67783253','27766349','380000','08/15/1982','4','B','1');
INSERT INTO CLIENTE VALUES('11657132','1','ACUÑA','BARRERA','RONNY','ABEL','OBS.ASTRONOMICO UC PAR.METROP.','65296851','27370770','420000','06/03/1969','5','A','1');
INSERT INTO CLIENTE VALUES('12487147','1','MARIN','ARAVENA','JUAN','ANDRES','LAS PALMAS 134 V/CALIFORNIA','55417672','27780321','560000','08/20/1968','5','B','2');
INSERT INTO CLIENTE VALUES('12817700','K','VARGAS','GARAY','CLAUDIA',null,'PJE.BELEN Nº8 P/GERALDINE','68111801',null,'400000','08/28/1968','5','A','2');
INSERT INTO CLIENTE VALUES('9499044','5','ROJAS','ACHA','CLAUDIO','ROBERTO','DR LUIS BISQUERT 2924 DPTO. 4','78172323','22380333','300000','10/17/1967','6','B','2');
INSERT INTO CLIENTE VALUES('11996940','6','ORELLANA','SAAVEDRA','JUAN','ANTONIO','SANTA MARTA 9415 P/STA. TERESA','88111254','56434256','200000','08/14/1969','6','A','2');
INSERT INTO CLIENTE VALUES('14558221','5','PASTEN','JORQUERA','ALAN','MAURICIO','BALMACEDA Nº15','96469095','28421196','180000','08/16/1967','5','C','3');
INSERT INTO CLIENTE VALUES('12459100','1','POBLETE','FUENTES','SERGIO',null,'TINGUIRIRICA 3553 V/FORESTA',null,'27464857','340000','09/21/1969','5','A','3');
INSERT INTO CLIENTE VALUES('8716085','1','HORMAZABAL','SAGREDO','VICTOR','HUGO','DORSAL 5912 V/MANUEL RODRIGUEZ',null,'27789260','260000','08/29/1973','5','B','3');
INSERT INTO CLIENTE VALUES('12503185','0','SILVA','GONZALEZ','JEAN','PAUL','CALLE HOLANDA 073 V/PORVENIR','85289043','28509240','300000','08/22/1968','5','A','3');
INSERT INTO CLIENTE VALUES('10586995','1','MUÑOZ','FERNANDEZ','JOSE','LUIS','AV.LAS TORRES 152','98725363',null,'1200000','06/03/1968','1','D','3');
INSERT INTO CLIENTE VALUES('11949670','2','CONTRERAS','MIRANDA','CLAUDIO',null,'VISTA HERMOSA 2126 P/H.ALTO','68546237','28310255','500000','08/15/1989','1','A','4');
INSERT INTO CLIENTE VALUES('9771046','3','ZAMORANO','ELIZONDO','LUIS','ALFREDO','ALAMEDA 301','72940059','26332876','320000','10/23/1967','1','B','4');
INSERT INTO CLIENTE VALUES('12095272','4','ROJAS','RODRIGUEZ','DAMASO',null,'URMENETA 1124 D.302','66213729','26210614','160000','08/08/1969','1','C','4');
INSERT INTO CLIENTE VALUES('14632410','5','VILLANUEVA','YEPES','MONICA','DEL CARMEN','GASPAR DE LA BARRERA 2815','95586941','26830779','240000','10/18/1971','1','B','4');
INSERT INTO CLIENTE VALUES('15353262','K','BARRIOS','HIDALGO','LUIS',null,'BALMACEDA 966','95596474','28213310','260000','05/09/1974','1','A','4');
INSERT INTO CLIENTE VALUES('4604866','0','AGUIRRE','MUñOZ','LUIS','ALFONSO','VICHUQUEN 1462','88582729','26238494','300000','06/07/1945','1','A','5');
INSERT INTO CLIENTE VALUES('14148957','1','MARTIN','DONOSO','JUAN','ENRIQUE','PJE. LOS FLORENTINOS 1804','72850346','25428017','400000','08/08/1984','10','B','5');
INSERT INTO CLIENTE VALUES('12831482','2','ORELLANA','GARRIDO','PATRICIO','ALONSO','LOS GUAITECAS 1751','66228120','28572849','200000','07/11/1968','11','A','5');
INSERT INTO CLIENTE VALUES('12186256','3','FUENTES','MORENO','MANUEL',null,'HANOI 7474',null,'26493855','200000','06/13/1969','11','B','5');
INSERT INTO CLIENTE VALUES('11976208','4','OPAZO','AGUILERA','MARIA','DE LOS ANGELES','LOS TILOS 8924 P/LUIS BELTRAN',null,'26442611','600000','07/16/1968','11','A','5');
INSERT INTO CLIENTE VALUES('12998853','5','TRINKE','TRINKE','CRISTIAN',null,'MANCO CAPAC 1756','97417379','27461014','500000','04/08/1967','12','B','5');
INSERT INTO CLIENTE VALUES('12947165','6','HISI','DIAZ','ROSA','AMELIA','ICARO 3580 V/SANTA INES','72950789','27360251','250000','05/08/1969','12','A','5');
INSERT INTO CLIENTE VALUES('13043565','5','AGUILERA','ROMAN','WILLIBALDO','ANTONIO','ANDES 4717','62895758','27748105','380000','08/16/1969','12','B','5');
INSERT INTO CLIENTE VALUES('13072743','1','ORELLANA','SERQUEIRA','JAIME','MAURICIO','AV. 5 DE ABRIL 5693 A DPTO. 42','58214142',null,'420000','08/19/1986','12','A','6');
INSERT INTO CLIENTE VALUES('16960649','1','RIQUELME','CHAVEZ','ROCIO',null,'BALMACEDA 1070','57813075','28598452','560000','06/08/1979','12','B','6');
INSERT INTO CLIENTE VALUES('12468646','K','ALVAREZ','MUÑOZ','MANUEL','EDUARDO','EDUARDO MATTE 2180','67813075','25557973','400000','07/08/1969','13','A','6');
INSERT INTO CLIENTE VALUES('12656375','5','SALDIAS','ROJAS','DAVID','JESUS','LOS TURISTAS 0735 P/EL SALTO','67813075','26224280','300000','08/08/1970','13','B','6');
INSERT INTO CLIENTE VALUES('11635470','6','RAMIREZ','GUTIERREZ','JOEL',null,'SIERRA BELLA 1687','65428513','25225838','200000','09/08/0068','13','A','6');
INSERT INTO CLIENTE VALUES('14415848','5','MACHUCA','ADONIS','MIGUEL','ROBERTO','LOS JAZMINES 1537 DPTO. 41 V.O','77446858','22383938','180000','08/10/1975','13','C','6');
INSERT INTO CLIENTE VALUES('12241168','1','RAMIREZ','GUTIERREZ','RODRIGO',null,'GUIDO RENNI 4225',null,'25225838','340000','08/11/1969','13','A','5');
INSERT INTO CLIENTE VALUES('9798044','1','MALTRAIN','CORTES','JUAN','ANTONIO','ENZO PINZA 3330','92796904','25554298','260000','08/12/1968','13','B','5');
INSERT INTO CLIENTE VALUES('12832359','0','SALAS','TORO','CARLOS','ANTONIO','PJE.LLEUQUE 0861 V/EL PERAL 3','95281124','22959031','300000','08/13/1970','14','A','5');
INSERT INTO CLIENTE VALUES('12302426','1','ALVARADO','ARAUNA','ALEX',null,'PJE.CHONCHI 6678 V/LOS TRONCOS','85283675','25230195','1200000','08/14/1969','14','D','5');
INSERT INTO CLIENTE VALUES('12859931','2','CESPEDES','LANDEROS','CRISTIAN','ALBERTO','BAUTISTA IBARRAL 277','82886471','27765868','500000','08/15/1968','14','A','5');
INSERT INTO CLIENTE VALUES('12467533','3','HERNANDEZ','DIAZ','JUAN','BAUTISTA','VARGAS SALCEDO 1541','68153576','25332923','320000','08/16/1967','14','B','5');
INSERT INTO CLIENTE VALUES('12470801','4','SANCHEZ','RIVERA','JACQUELINE','CAROLINA','LUIS INFANTE CERDA 5315','55212127','27412764','160000','08/17/1968','14','C','5');
INSERT INTO CLIENTE VALUES('13035746','5','LARA','LECAROS','DANIEL','MAURICIO','FRANCISCO ESCALONA 3790','55212127',null,'240000','08/18/1970','15','B','1');
INSERT INTO CLIENTE VALUES('12866998','K','AVILA','RETAMALES','CRISTIAN','ALEJANDRO','TURMALINA 1495 V/LA SALUD','62562637','25457317','260000','08/19/1969','15','A','2');
INSERT INTO CLIENTE VALUES('11872936','0','VIDAL','OSSES','LUIS',null,'C.NUEVA IMPERIAL 1045 B/1 DEPTO. 25','56813593','25293595','300000','08/20/1967','15','A','3');
INSERT INTO CLIENTE VALUES('14526736','1','VALENZUELA','MONTOYA','ROSA','EMILIA','GENARO PRIETO 910 P/EL TRANQUE','56812350','28503179','400000','08/21/1976','15','B','4');
INSERT INTO CLIENTE VALUES('9964101','2','MENESES','RUBIO','CARLOS','RAUL','SANTA MARTA 0713','68500893','25293285','200000','08/22/1966','15','A','5');
INSERT INTO CLIENTE VALUES('12495120','3','RUIZ','BRIONES','CRISTIAN','RAUL','PJE. FREIRINA 3630','57762111','23243232','200000','08/23/1969','1','B','6');
INSERT INTO CLIENTE VALUES('13050707','4','VALLE','CASTRIZELO','FREDY','GUILLERMO','PALERMO P/LA RAZON 2023',null,'27378107','600000','08/24/1969','2','A','5');
INSERT INTO CLIENTE VALUES('12415220','5','CASTRO','TOBAR','ALEJANDRA',null,'RODR. DE ARAYA 4651B B/11 DEPTO. 42',null,'22763621','500000','08/25/1969','3','B','1');
INSERT INTO CLIENTE VALUES('12459400','6','PICHIHUINCA','JORQUERA','RAFAEL','MATIAS','INGENIERO GIROZ 6035',null,'27783484','250000','08/26/1969','3','A','1');
INSERT INTO CLIENTE VALUES('12649413','5','MANZANO','QUINTANILLA','JESSICA','EUGENIA','PJE. LAMPA 1391 V/LOS MINERALE','92894026','26259699','380000','08/27/1967','3','B','1');
INSERT INTO CLIENTE VALUES('12610458','1','BARTLAU','VARGAS','MACARENA',null,'MARIA VIAL 8028','95412144','25273848','420000','08/08/1970','3','A','1');
INSERT INTO CLIENTE VALUES('12364085','1','ARAYA','CAMUS','FREDDY','RODOLFO','CARRERA 027','88721366','28461589','560000','08/29/1968','4','B','5');
INSERT INTO CLIENTE VALUES('12460769','K','DAZA','GUERRERO','ERIC','ANTONIO','HERRERA 618','86966329','26813742','400000','08/30/1969','4','A','5');
INSERT INTO CLIENTE VALUES('13072796','5','MEDINA','CAMUS','WANDA','ANDREA','ICTINOS 1162 VILLA PEDRO LAGOS','86229671','22797176','300000','08/31/1969','4','B','5');
INSERT INTO CLIENTE VALUES('12649650','6','CUADRA','DISSI','DIEGO','ALBERTO','PJE.OLGA DONOSO 4047 P/E.GONEL','57788381','26251788','450000','08/01/1993','5','A','5');
INSERT INTO CLIENTE VALUES('13078214','5','CONCHA','MONTECINOS','KATHERINE','ANDREA','AV. GRECIA 5055 BL/2 DPTO. 22','67415270','22724039','180000','01/09/1970','5','C','5');
INSERT INTO CLIENTE VALUES('12189232','1','DELGADO','GALLEGOS','XIMENA','MARGARITA','LUXEMBURGO Nº9609','57719055','22202264','340000','02/09/1967','5','A','6');
INSERT INTO CLIENTE VALUES('8533901','1','QUEZADA','VILLENA','CRISTIAN',null,'P. LOS INCAS 1734 V/OLIMPO II','76814737','25321876','260000','03/09/1972','5','B','6');
INSERT INTO CLIENTE VALUES('12871924','0','VENEGAS','TORRES','JESSICA','RAFAELA','GARCIA REYES Nº55C','77735367','26817651','300000','04/09/1970','5','A','6');
INSERT INTO CLIENTE VALUES('13072368','1','JORQUERA','VERA','ALEX','RAUL','SENDA 12 B/1157 DEPTO. A V/C.18 NOR','67356222','22424598','1200000','08/25/1960','6','D','6');
INSERT INTO CLIENTE VALUES('11226732','2','CAVANELA','ORTEGA','JUAN','MAURICIO','PJE BATUCO #9457 V/OHIGGINS','52710253','22816328','500000','05/09/1968','6','A','6');
INSERT INTO CLIENTE VALUES('11695597','3','BASOALTO','ARANGUIZ','JUAN','EMILIO','SANTA FILOMENA DE NOS','55212406','28575175','320000','06/09/1966','6','B','6');
INSERT INTO CLIENTE VALUES('13082881','4','FUENTES','FAUNDEZ','FELIPE','SANTIAGO','GUAYACAN # 063 V/FABERIO','77413705','28510780','160000','07/09/1970','6','C','6');
INSERT INTO CLIENTE VALUES('14319321','5','SALVO','GUTIERREZ','PATRICIA','XIMENA','PJE # 1 Nº675 P/ANTUPILLAN','92853737','28587242','240000','01/08/1945','6','B','5');
INSERT INTO CLIENTE VALUES('10268208','K','REYES','MORALES','LUIS','ALBERTO','BUENOS AIRES #429','52794874','28586286','260000','08/09/1965','6','A','5');
INSERT INTO CLIENTE VALUES('13050258','0','SALAS','CORNEJO','CARLOS',null,'VALLE DEL SOL Nº4028','85450443','22773144','300000','09/09/1977','6','A','5');
INSERT INTO CLIENTE VALUES('13057574','1','CORNEJO','GONZALEZ','ALEJANDRO',null,'CIENCIAS #8442 P/BIAUT',null,'25586841','400000','08/24/1965','5','B','5');
INSERT INTO CLIENTE VALUES('13264443','2','GODOY','SALINAS','MARIA','DEL PILAR','ALAMEDA #4272 DPTO. 104','55341874',null,'200000','09/09/1976','5','A','5');
INSERT INTO CLIENTE VALUES('12861354','3','CADIZ','SANDOVAL','FERNANDO','OSVALDO','CALLE LUGO 4671 P.10 PAJARITO','97773749','27445878','200000','08/22/1955','5','B','2');
INSERT INTO CLIENTE VALUES('12959989','4','JEREZ','CHACON','PAMELA','ANDREA','INES DE SUARES 220','88122441','209388532','600000','08/20/1967','1','A','3');
INSERT INTO CLIENTE VALUES('12721101','5','JORQUERA','SANCHEZ','LEONEL',null,'ALMIRANTE RIVEROS #9653','62278556','25580425','500000','08/21/1969','1','B','3');
INSERT INTO CLIENTE VALUES('10711069','6','CISTERNAS','SAAVEDRA','VICTOR','VLADIMIR','LAGO GRIS 4673 V/EL ALBA','75631102','26983708','250000','08/22/1963','1','A','3');
INSERT INTO CLIENTE VALUES('12871979','5','RODRIGUEZ','LEMUS','PAOLA','NICOLE','JOAQUIN EDWARDS BELLO #10529','76432652','25410073','380000','08/23/1967','1','B','3');
INSERT INTO CLIENTE VALUES('10320840','1','DURAN','REBOLLEDO','JAIME','GUILLERMO','AV.3 PONIENTE 1548 V/VIENA','67416145','25327648','420000','08/24/1964','1','A','3');
INSERT INTO CLIENTE VALUES('13034352','1','MUñOZ','ASCORRA','CLAUDIA','DELFINA','LOS ÑANDUES #509 V/PAJARITOS','65582082','22570673','560000','09/22/1971','1','B','3');
INSERT INTO CLIENTE VALUES('10539484','K','OSORIO','MELLA','JUAN','CRISTOBAL','LO SALINAS 1695','52811129','28213010','400000','01/26/1965','10','A','1');
INSERT INTO CLIENTE VALUES('12000035','5','ROJAS','ROJAS','MARIO',null,'AV.I.CARRERA PINTO 1041','56832705','29988654','300000','02/08/1969','10','B','1');
INSERT INTO CLIENTE VALUES('7108724','6','QUILODRAN','GARCIA','MARIA','GRACIA','PJE.VARSOVIA 1439 V/ESQUINA B.','96255762','25382800','200000','01/08/1959','10','A','1');
INSERT INTO CLIENTE VALUES('13083936','5','QUINTANA','MARDONES','RUTH','ANTONIA','PASAJE LA RAIZ Nº10591','82936654',null,'180000','09/08/1970','10','C','1');
INSERT INTO CLIENTE VALUES('12158268','1','ERICES','MOLINA','ELIGIO','RAUL','PJE.COLORADO 5528 DEPTO. 302','76442200','25230176','340000','08/08/1969','10','A','1');
INSERT INTO CLIENTE VALUES('12946000','1','CASTILLO','VALENCIA','PAULA','LUCIA','LAS AMAPOLAS 1931 P/PEDRO MONT','55311880','26833380','260000','03/10/1970','10','B','1');
INSERT INTO CLIENTE VALUES('13085998','0','SUAZO','RIQUELME','OSCAR','IGNACIO','PJE.PAULINA 1678 V/BLANCA','65351928','25111798','300000','07/08/1948','10','A','2');
INSERT INTO CLIENTE VALUES('13032090','1','GONZALEZ','JOFRE','JUAN','EDUARDO','PJE.LOS TILOS 8926 P/L.BELTRAN','67765258','26446917','1200000','01/08/1972','10','D','2');
INSERT INTO CLIENTE VALUES('10293552','2','FRITIS','CHAMBLAS','JOSE',null,'PEDRO AGUIRRE CERDA 5962',null,'26252858','500000','01/09/1967','16','A','6');
INSERT INTO CLIENTE VALUES('12960006','3','MARILLANCA','CARVAJAL','JOSE','ANTONIO','SITIO 37B PINTUE LAGUNA ACULEO',null,'28249080','320000','08/24/1955','16','B','6');
INSERT INTO CLIENTE VALUES('10776845','4','NAVARRO','VELASQUEZ','HECTOR','MAURICIO','PJE. CAPRI 909 B/5 DEPTO. 103','52893123',null,'160000','03/08/1971','16','C','6');
INSERT INTO CLIENTE VALUES('12407575','5','GONZALEZ','LILLO','MARCELA','CAROLINA','RODRIGO DE ARAYA 4871 DEPTO. 14','55285702',null,'240000','02/09/1971','16','B','6');
INSERT INTO CLIENTE VALUES('14319236','K','ARRIARAN','ROJAS','OSCAR','RAUL','12 DE FEBRERO 850','8491680','28580076','260000','03/09/1979','16','A','6');
INSERT INTO CLIENTE VALUES('11339557','0','BUSTOS','MARTINEZ','IVONNE',null,'ALDUNATE 1932','92871989','25540604','560000','04/09/1968','17','B','6');
INSERT INTO CLIENTE VALUES('11749379','1','MORALES','ZAMORANO','FABIOLA','MELINA','EL QUETZAL 675','95292190','25557973','400000','05/09/1967','17','A','5');
INSERT INTO CLIENTE VALUES('12270989','2','RAMIREZ','CARDENAS','MAURICIO','ANTONIO','CALLE LOS NOGALES 9583','66431810','25271068','300000','06/09/1969','17','B','5');
INSERT INTO CLIENTE VALUES('14254526','3','MARTINEZ','RODRIGUEZ','ERIC','FELIPE','PJE.LAGO RAPEL 1297 V/SENDERO','58152298','22919311','200000','07/09/1977','17','A','5');
INSERT INTO CLIENTE VALUES('12820018','4','ACEVEDO','SANDOVAL','ALEXANDER',null,'LAS CODORNICES 2963-H DPTO. 21','85286676','22836901','180000','08/09/1967','17','C','5');
INSERT INTO CLIENTE VALUES('12468736','5','GONZALEZ','MUÑOZ','OSVALDO','ALEXIS','MARIA LUISA BOMBAL 384','95577263','27414835','340000','09/09/1972','17','A','3');
INSERT INTO CLIENTE VALUES('13088742','6','CID','PADILLA','CAROLINA','ANDREA','AV.FRATERNAL 3910','77764463','25225759','260000','10/09/1967','20','B','3');
INSERT INTO CLIENTE VALUES('13455413','5','JIMENEZ','PINILLA','CRISTIAN',null,'RICARDO CUMMING 1346 CASA 13','67783253','86966329','300000','01/08/1970','20','A','2');
INSERT INTO CLIENTE VALUES('12685035','1','PEREZ','PINTO','NELSON','RUBEN','EL CARMEN 10364 V/STA.MARIA','65296851','22825520','1200000','02/08/1967','20','D','2');
INSERT INTO CLIENTE VALUES('11514737','1','MORENO','GONZALEZ','CLAUDIA',null,'GRACIOSA 7815 CERRO NAVIA','55417672','26491988','500000','02/09/1968','20','A','5');
INSERT INTO CLIENTE VALUES('13072851','K','SUAREZ','GONZALEZ','KARINA','MARIELA','PAUL HARRIS 901',null,'22012371','320000','04/22/1978','21','B','5');
INSERT INTO CLIENTE VALUES('11540908','5','BARRERA','RIOS','MARIA','LUISA','PASAJE 36 Nº4789 V/EYZAGUIRRE',null,'22097186','160000','01/05/1968','21','C','6');
INSERT INTO CLIENTE VALUES('13269751','6','VALLE','DIAZ','ALEXIS',null,'CUATRO REMOS 580 V/ANT. VARAS','68111801','27782342','240000','04/09/1974','21','B','6');
INSERT INTO CLIENTE VALUES('12684459','5','CARVAJAL','REYES','JUAN','PABLO','VICTORIA 615','78172323','25558281','260000','07/06/1969','22','A','5');
INSERT INTO CLIENTE VALUES('9969366','1','FUENTES','CORTES','LUIS',null,'IGNACIO CARRERA PINTO 6013','88111254','26232094','600000','11/03/1941','23','A','1');
INSERT INTO CLIENTE VALUES('10917199','1','ACUÑA','OLIVARES','ELIZABETH','FABIOLA','CERRO HUEMUL 1052','96469095','57736141','500000','01/08/1965','24','B','5');
INSERT INTO CLIENTE VALUES('13098962','0','SALAZAR','DIAZ','MARIA',null,'AV.KENNEDY B/16 DEPTO. 31 P/MANSO','85289043','2253899','250000','02/08/1968','25','A','5');
INSERT INTO CLIENTE VALUES('12672729','1','BARRAZA','LOBOS','EDUARDO','PATRICIO','TRICAO 460 P/ EUGENIPO MATTE','98725363','28512060','380000','03/08/1969','25','B','2');
INSERT INTO CLIENTE VALUES('13041711','2','ITURRIETA','GONZALEZ','JUAN','PABLO','AV. TRANSITO 5291','66213729','27753384','420000','11/08/1993','26','A','2');

INSERT INTO marca VALUES ('Toyota');
INSERT INTO marca VALUES ('WMW');
INSERT INTO marca VALUES ('Mercedes Benz');
INSERT INTO marca VALUES ('Citroen');
INSERT INTO marca VALUES ('Nissan');
INSERT INTO marca VALUES ('Ford');
INSERT INTO marca VALUES ('DFM');
INSERT INTO marca VALUES ('Kia');
INSERT INTO marca VALUES ('Lada');

INSERT INTO CAMION VALUES('AA1001','Rojo','2.6',YEAR(GETDATE())-3,'23000',null,'D','11745244','1');
INSERT INTO CAMION VALUES('BC1002','Azul','3.4',YEAR(GETDATE())-8,'24000','200000','B','12113369','2');
INSERT INTO CAMION VALUES('VV1003','Verde','2.7',YEAR(GETDATE())-5,'35000','250000','A','12456905','3');
INSERT INTO CAMION VALUES('FFDD23','Blanco','2.3',YEAR(GETDATE())-3,'60000','300000','B','11745244','4');
INSERT INTO CAMION VALUES('ASEW11','Pardo','2.1',YEAR(GETDATE()),'14500',145000,'C','11745244','5');
INSERT INTO CAMION VALUES('AZ1001','Negro','2.6',YEAR(GETDATE())-3,'23000','300000','A','12888868','5');
INSERT INTO CAMION VALUES('EC1002','Azul','3.4',YEAR(GETDATE())-8,'24000','150000','B','12113369','5');
INSERT INTO CAMION VALUES('AXDD23','Blanco','2.3',YEAR(GETDATE())-2,'60000','150000','B','11745244','6');
INSERT INTO CAMION VALUES('AS4411','Pardo','2.1',YEAR(GETDATE()),'14500','130000','C','12811094','6');
INSERT INTO CAMION VALUES('FG1001','Rojo','2.6',YEAR(GETDATE())-3,'23000','135000','A','11745244','6');
INSERT INTO CAMION VALUES('BE1002','Azul','3.4',YEAR(GETDATE())-8,'24000','140000','B','12113369','7');
INSERT INTO CAMION VALUES('VY1003','Verde','2.7',YEAR(GETDATE())-5,'35000','170000','A','11630572','7');
INSERT INTO CAMION VALUES('FDDD23','Blanco','2.3',YEAR(GETDATE())-2,'60000','50000','B','11745244','7');
INSERT INTO CAMION VALUES('ASEE11','Pardo','2.1',YEAR(GETDATE()),'14500',145000,'C','11745244','8');
INSERT INTO CAMION VALUES('FR1001','Rojo','2.6',YEAR(GETDATE())-3,'23000','135000','A','11745244','8');
INSERT INTO CAMION VALUES('WE1002','Azul','3.4',YEAR(GETDATE())-7,'24000','140000','B','12113369','8');
INSERT INTO CAMION VALUES('TY1003','Verde','2.7',YEAR(GETDATE())-4,'35000','170000','A','12456905','9');
INSERT INTO CAMION VALUES('FXDD23','Blanco','2.3',YEAR(GETDATE())-2,'60000','150000','B','11649964','9');
INSERT INTO CAMION VALUES('ASEZ11','Pardo','2.1',YEAR(GETDATE()),'14500',null,'C','11630572','1');
INSERT INTO CAMION VALUES('GG1001','Rojo','2.6',YEAR(GETDATE())-3,'23000','135000','A','11745244','1');
INSERT INTO CAMION VALUES('BT1002','Azul','3.4',YEAR(GETDATE())-6,'24000','140000','B','12113369','2');
INSERT INTO CAMION VALUES('VR1003','Verde','2.7',YEAR(GETDATE())-5,'35000','170000','A','12272880','3');
INSERT INTO CAMION VALUES('AQDD04','Platino','3.1',YEAR(GETDATE())-2,'37500','145000','A','12466553','3');
INSERT INTO CAMION VALUES('OPDD23','Blanco','2.3',YEAR(GETDATE())-3,'60000',null,'B','11745244','4');
INSERT INTO CAMION VALUES('AHEW11','Pardo','2.1',YEAR(GETDATE()),'14500','130000','D','12888868','4');


INSERT INTO arriendo_camion VALUES ('AA1001','10639521',CONCAT('03/03/',CONVERT(VARCHAR,YEAR(GETDATE()))),1,CONCAT('07/03/',CONVERT(VARCHAR,YEAR(GETDATE()))));
INSERT INTO arriendo_camion VALUES ('AA1001','11657132',CONCAT('05/03/',CONVERT(VARCHAR,YEAR(GETDATE()))),5,CONCAT('10/03/',CONVERT(VARCHAR,YEAR(GETDATE()))));
INSERT INTO arriendo_camion VALUES ('AA1001','11657132',CONCAT('11/03/',CONVERT(VARCHAR,YEAR(GETDATE()))),8,CONCAT('03/03/',CONVERT(VARCHAR,YEAR(GETDATE()))));
INSERT INTO arriendo_camion VALUES ('BT1002','10639521',CONCAT('11/03/',CONVERT(VARCHAR,YEAR(GETDATE()))),7,CONCAT('01/04/',CONVERT(VARCHAR,YEAR(GETDATE()))));
INSERT INTO arriendo_camion VALUES ('BC1002','10238830',CONCAT('12/03/',CONVERT(VARCHAR,YEAR(GETDATE()))),11,CONCAT('05/04/',CONVERT(VARCHAR,YEAR(GETDATE()))));
INSERT INTO arriendo_camion VALUES ('BE1002','12777063',CONCAT('03/04/',CONVERT(VARCHAR,YEAR(GETDATE()))),1,CONCAT('04/04/',CONVERT(VARCHAR,YEAR(GETDATE()))));
INSERT INTO arriendo_camion VALUES ('TY1003','12467572',CONCAT('08/04/',CONVERT(VARCHAR,YEAR(GETDATE()))),3,CONCAT('11/04/',CONVERT(VARCHAR,YEAR(GETDATE()))));
INSERT INTO arriendo_camion VALUES ('AHEW11','12866487',CONCAT('11/04/',CONVERT(VARCHAR,YEAR(GETDATE()))),4,CONCAT('10/04/',CONVERT(VARCHAR,YEAR(GETDATE()))));
INSERT INTO arriendo_camion VALUES ('TY1003','11657132',CONCAT('11/04/',CONVERT(VARCHAR,YEAR(GETDATE()))),9,CONCAT('09/05/',CONVERT(VARCHAR,YEAR(GETDATE()))));
INSERT INTO arriendo_camion VALUES ('BC1002','12487147',CONCAT('12/05/',CONVERT(VARCHAR,YEAR(GETDATE()))),2,CONCAT('11/05/',CONVERT(VARCHAR,YEAR(GETDATE()))));
INSERT INTO arriendo_camion VALUES ('TY1003','12487147',CONCAT('03/05/',CONVERT(VARCHAR,YEAR(GETDATE()))),8,CONCAT('11/05/',CONVERT(VARCHAR,YEAR(GETDATE()))));
INSERT INTO arriendo_camion VALUES ('BE1002','12817700',CONCAT('11/05/',CONVERT(VARCHAR,YEAR(GETDATE()))),11,CONCAT('01/05/',CONVERT(VARCHAR,YEAR(GETDATE()))));
INSERT INTO arriendo_camion VALUES ('FG1001','9499044',CONCAT('01/06/',CONVERT(VARCHAR,YEAR(GETDATE()))),1,CONCAT('02/06/',CONVERT(VARCHAR,YEAR(GETDATE()))));
INSERT INTO arriendo_camion VALUES ('WE1002','11996940',CONCAT('07/06/',CONVERT(VARCHAR,YEAR(GETDATE()))),2,CONCAT('09/06/',CONVERT(VARCHAR,YEAR(GETDATE()))));
INSERT INTO arriendo_camion VALUES ('VR1003','14558221',CONCAT('02/06/',CONVERT(VARCHAR,YEAR(GETDATE()))),3,CONCAT('03/06/',CONVERT(VARCHAR,YEAR(GETDATE()))));
INSERT INTO arriendo_camion VALUES ('VR1003','12459100',CONCAT('03/06/',CONVERT(VARCHAR,YEAR(GETDATE()))),4,CONCAT('07/06/',CONVERT(VARCHAR,YEAR(GETDATE()))));
INSERT INTO arriendo_camion VALUES ('WE1002','8716085',CONCAT('08/06/',CONVERT(VARCHAR,YEAR(GETDATE()))),5,CONCAT('08/06/',CONVERT(VARCHAR,YEAR(GETDATE()))));
INSERT INTO arriendo_camion VALUES ('AHEW11','12503185',CONCAT('03/07/',CONVERT(VARCHAR,YEAR(GETDATE()))),6,CONCAT('09/07/',CONVERT(VARCHAR,YEAR(GETDATE()))));
INSERT INTO arriendo_camion VALUES ('FG1001','12503185',CONCAT('03/07/',CONVERT(VARCHAR,YEAR(GETDATE()))),7,CONCAT('10/07/',CONVERT(VARCHAR,YEAR(GETDATE()))));
INSERT INTO arriendo_camion VALUES ('BE1002','10586995',CONCAT('03/07/',CONVERT(VARCHAR,YEAR(GETDATE()))),8,CONCAT('11/07/',CONVERT(VARCHAR,YEAR(GETDATE()))));
INSERT INTO arriendo_camion VALUES ('WE1002','11949670',CONCAT('01/07/',CONVERT(VARCHAR,YEAR(GETDATE()))),9,CONCAT('11/07/',CONVERT(VARCHAR,YEAR(GETDATE()))));
INSERT INTO arriendo_camion VALUES ('TY1003','9771046',CONCAT('03/08/',CONVERT(VARCHAR,YEAR(GETDATE()))),3,CONCAT('12/08/',CONVERT(VARCHAR,YEAR(GETDATE()))));
INSERT INTO arriendo_camion VALUES ('TY1003','12095272',CONCAT('03/08/',CONVERT(VARCHAR,YEAR(GETDATE()))),5,CONCAT('08/08/',CONVERT(VARCHAR,YEAR(GETDATE()))));
INSERT INTO arriendo_camion VALUES ('AHEW11','14632410',CONCAT('03/08/',CONVERT(VARCHAR,YEAR(GETDATE()))),7,CONCAT('01/08/',CONVERT(VARCHAR,YEAR(GETDATE()))));
INSERT INTO arriendo_camion VALUES ('WE1002','15353262',CONCAT('03/09/',CONVERT(VARCHAR,YEAR(GETDATE()))),8,CONCAT('11/09/',CONVERT(VARCHAR,YEAR(GETDATE()))));
INSERT INTO arriendo_camion VALUES ('WE1002','12998853',CONCAT('11/09/',CONVERT(VARCHAR,YEAR(GETDATE()))),11,CONCAT('12/09/',CONVERT(VARCHAR,YEAR(GETDATE()))));
INSERT INTO arriendo_camion VALUES ('FG1001','12831482',CONCAT('03/09/',CONVERT(VARCHAR,YEAR(GETDATE()))),13,CONCAT('11/09/',CONVERT(VARCHAR,YEAR(GETDATE()))));
INSERT INTO arriendo_camion VALUES ('TY1003','12186256',CONCAT('03/09/',CONVERT(VARCHAR,YEAR(GETDATE()))),11,CONCAT('09/09/',CONVERT(VARCHAR,YEAR(GETDATE()))));
INSERT INTO arriendo_camion VALUES ('VR1003','11976208',CONCAT('03/09/',CONVERT(VARCHAR,YEAR(GETDATE()))),1,CONCAT('04/09/',CONVERT(VARCHAR,YEAR(GETDATE()))));
INSERT INTO arriendo_camion VALUES ('ASEZ11','12998853',CONCAT('03/09/',CONVERT(VARCHAR,YEAR(GETDATE()))),2,CONCAT('08/09/',CONVERT(VARCHAR,YEAR(GETDATE()))));
INSERT INTO arriendo_camion VALUES ('AZ1001','12947165',CONCAT('03/09/',CONVERT(VARCHAR,YEAR(GETDATE()))),2,CONCAT('08/09/',CONVERT(VARCHAR,YEAR(GETDATE()))));
INSERT INTO arriendo_camion VALUES ('TY1003','13043565',CONCAT('03/09/',CONVERT(VARCHAR,YEAR(GETDATE()))),3,CONCAT('06/09/',CONVERT(VARCHAR,YEAR(GETDATE()))));
INSERT INTO arriendo_camion VALUES ('TY1003','13072743',CONCAT('11/09/',CONVERT(VARCHAR,YEAR(GETDATE()))),3,CONCAT('12/09/',CONVERT(VARCHAR,YEAR(GETDATE()))));
INSERT INTO arriendo_camion VALUES ('VR1003','12468646',CONCAT('03/09/',CONVERT(VARCHAR,YEAR(GETDATE()))),3,CONCAT('06/09/',CONVERT(VARCHAR,YEAR(GETDATE()))));
INSERT INTO arriendo_camion VALUES ('BE1002','12656375',CONCAT('03/09/',CONVERT(VARCHAR,YEAR(GETDATE()))),5,CONCAT('09/09/',CONVERT(VARCHAR,YEAR(GETDATE()))));
INSERT INTO arriendo_camion VALUES ('AZ1001','11635470',CONCAT('03/09/',CONVERT(VARCHAR,YEAR(GETDATE()))),5,CONCAT('08/09/',CONVERT(VARCHAR,YEAR(GETDATE()))));
INSERT INTO arriendo_camion VALUES ('TY1003','14415848',CONCAT('03/03/',CONVERT(VARCHAR,YEAR(GETDATE()))),6,CONCAT('09/03/',CONVERT(VARCHAR,YEAR(GETDATE()))));
INSERT INTO arriendo_camion VALUES ('ASEZ11','12241168',CONCAT('03/03/',CONVERT(VARCHAR,YEAR(GETDATE()))),6,CONCAT('09/03/',CONVERT(VARCHAR,YEAR(GETDATE()))));
INSERT INTO arriendo_camion VALUES ('AHEW11','9798044',CONCAT('03/03/',CONVERT(VARCHAR,YEAR(GETDATE()))),6,CONCAT('01/03/',CONVERT(VARCHAR,YEAR(GETDATE()))));
INSERT INTO arriendo_camion VALUES ('BE1002','12832359',CONCAT('03/03/',CONVERT(VARCHAR,YEAR(GETDATE()))),7,CONCAT('02/03/',CONVERT(VARCHAR,YEAR(GETDATE()))));
INSERT INTO arriendo_camion VALUES ('TY1003','12302426',CONCAT('03/03/',CONVERT(VARCHAR,YEAR(GETDATE()))),7,CONCAT('02/03/',CONVERT(VARCHAR,YEAR(GETDATE()))));
INSERT INTO arriendo_camion VALUES ('TY1003','12467533',CONCAT('03/03/',CONVERT(VARCHAR,YEAR(GETDATE()))),7,CONCAT('03/03/',CONVERT(VARCHAR,YEAR(GETDATE()))));
INSERT INTO arriendo_camion VALUES ('ASEZ11','12470801',CONCAT('03/03/',CONVERT(VARCHAR,YEAR(GETDATE()))),8,CONCAT('04/03/',CONVERT(VARCHAR,YEAR(GETDATE()))));
INSERT INTO arriendo_camion VALUES ('AQDD04','13035746',CONCAT('03/03/',CONVERT(VARCHAR,YEAR(GETDATE()))),4,CONCAT('07/03/',CONVERT(VARCHAR,YEAR(GETDATE()))));
INSERT INTO arriendo_camion VALUES ('AHEW11','13035746',CONCAT('03/03/',CONVERT(VARCHAR,YEAR(GETDATE()))),3,CONCAT('09/03/',CONVERT(VARCHAR,YEAR(GETDATE()))));
INSERT INTO arriendo_camion VALUES ('TY1003','12866998',CONCAT('03/03/',CONVERT(VARCHAR,YEAR(GETDATE()))),2,CONCAT('05/03/',CONVERT(VARCHAR,YEAR(GETDATE()))));
INSERT INTO arriendo_camion VALUES ('VR1003','11872936',CONCAT('03/03/',CONVERT(VARCHAR,YEAR(GETDATE()))),1,CONCAT('04/03/',CONVERT(VARCHAR,YEAR(GETDATE()))));
INSERT INTO arriendo_camion VALUES ('AZ1001','14526736',CONCAT('03/03/',CONVERT(VARCHAR,YEAR(GETDATE()))),6,CONCAT('10/03/',CONVERT(VARCHAR,YEAR(GETDATE()))));
INSERT INTO arriendo_camion VALUES ('AZ1001','9964101',CONCAT('03/03/',CONVERT(VARCHAR,YEAR(GETDATE()))),5,CONCAT('08/03/',CONVERT(VARCHAR,YEAR(GETDATE()))));
INSERT INTO arriendo_camion VALUES ('VR1003','13072796',CONCAT('03/03/',CONVERT(VARCHAR,YEAR(GETDATE()))),4,CONCAT('07/03/',CONVERT(VARCHAR,YEAR(GETDATE()))));
INSERT INTO arriendo_camion VALUES ('AQDD04','13072796',CONCAT('03/03/',CONVERT(VARCHAR,YEAR(GETDATE()))),3,CONCAT('06/03/',CONVERT(VARCHAR,YEAR(GETDATE()))));
INSERT INTO arriendo_camion VALUES ('AQDD04','13072796',CONCAT('03/03/',CONVERT(VARCHAR,YEAR(GETDATE()))),2,CONCAT('05/03/',CONVERT(VARCHAR,YEAR(GETDATE()))));
INSERT INTO arriendo_camion VALUES ('AZ1001','12649650',CONCAT('03/03/',CONVERT(VARCHAR,YEAR(GETDATE()))),1,CONCAT('04/03/',CONVERT(VARCHAR,YEAR(GETDATE()))));
INSERT INTO arriendo_camion VALUES ('AQDD04','13078214',CONCAT('03/03/',CONVERT(VARCHAR,YEAR(GETDATE()))),1,CONCAT('04/03/',CONVERT(VARCHAR,YEAR(GETDATE()))));
INSERT INTO arriendo_camion VALUES ('VR1003','12189232',CONCAT('03/03/',CONVERT(VARCHAR,YEAR(GETDATE()))),1,CONCAT('04/03/',CONVERT(VARCHAR,YEAR(GETDATE()))));
INSERT INTO arriendo_camion VALUES ('AHEW11','8533901',CONCAT('03/03/',CONVERT(VARCHAR,YEAR(GETDATE()))),1,CONCAT('04/03/',CONVERT(VARCHAR,YEAR(GETDATE()))));
INSERT INTO arriendo_camion VALUES ('AA1001','10639521',CONCAT('03/03/',CONVERT(VARCHAR,YEAR(GETDATE()))),1,CONCAT('07/03/',CONVERT(VARCHAR,YEAR(GETDATE()))));
INSERT INTO arriendo_camion VALUES ('AA1001','11657132',CONCAT('05/03/',CONVERT(VARCHAR,YEAR(GETDATE()))),5,CONCAT('10/03/',CONVERT(VARCHAR,YEAR(GETDATE()))));
INSERT INTO arriendo_camion VALUES ('AA1001','11657132',CONCAT('12/03/',CONVERT(VARCHAR,YEAR(GETDATE()))),8,CONCAT('11/03/',CONVERT(VARCHAR,YEAR(GETDATE()))));
INSERT INTO arriendo_camion VALUES ('BT1002','10639521',CONCAT('12/03/',CONVERT(VARCHAR,YEAR(GETDATE()))),7,CONCAT('11/04/',CONVERT(VARCHAR,YEAR(GETDATE()))));
INSERT INTO arriendo_camion VALUES ('BC1002','10238830',CONCAT('12/03/',CONVERT(VARCHAR,YEAR(GETDATE()))),11,CONCAT('05/04/',CONVERT(VARCHAR,YEAR(GETDATE()))));
INSERT INTO arriendo_camion VALUES ('BE1002','12777063',CONCAT('03/04/',CONVERT(VARCHAR,YEAR(GETDATE()))),1,CONCAT('04/04/',CONVERT(VARCHAR,YEAR(GETDATE()))));
INSERT INTO arriendo_camion VALUES ('TY1003','12467572',CONCAT('08/04/',CONVERT(VARCHAR,YEAR(GETDATE()))),3,CONCAT('12/04/',CONVERT(VARCHAR,YEAR(GETDATE()))));
INSERT INTO arriendo_camion VALUES ('AHEW11','12866487',CONCAT('12/04/',CONVERT(VARCHAR,YEAR(GETDATE()))),4,CONCAT('12/04/',CONVERT(VARCHAR,YEAR(GETDATE()))));
INSERT INTO arriendo_camion VALUES ('TY1003','11657132',CONCAT('11/04/',CONVERT(VARCHAR,YEAR(GETDATE()))),9,CONCAT('12/05/',CONVERT(VARCHAR,YEAR(GETDATE()))));
INSERT INTO arriendo_camion VALUES ('BC1002','12487147',CONCAT('11/05/',CONVERT(VARCHAR,YEAR(GETDATE()))),2,CONCAT('06/05/',CONVERT(VARCHAR,YEAR(GETDATE()))));
INSERT INTO arriendo_camion VALUES ('TY1003','12487147',CONCAT('03/05/',CONVERT(VARCHAR,YEAR(GETDATE()))),8,CONCAT('07/05/',CONVERT(VARCHAR,YEAR(GETDATE()))));
INSERT INTO arriendo_camion VALUES ('BE1002','12817700',CONCAT('11/05/',CONVERT(VARCHAR,YEAR(GETDATE()))),11,CONCAT('01/05/',CONVERT(VARCHAR,YEAR(GETDATE()))));
INSERT INTO arriendo_camion VALUES ('FG1001','9499044',CONCAT('10/06/',CONVERT(VARCHAR,YEAR(GETDATE()))),1,CONCAT('02/06/',CONVERT(VARCHAR,YEAR(GETDATE()))));
INSERT INTO arriendo_camion VALUES ('WE1002','11996940',CONCAT('07/06/',CONVERT(VARCHAR,YEAR(GETDATE()))),2,CONCAT('09/06/',CONVERT(VARCHAR,YEAR(GETDATE()))));
INSERT INTO arriendo_camion VALUES ('VR1003','14558221',CONCAT('10/06/',CONVERT(VARCHAR,YEAR(GETDATE()))),3,CONCAT('11/06/',CONVERT(VARCHAR,YEAR(GETDATE()))));
INSERT INTO arriendo_camion VALUES ('VR1003','12459100',CONCAT('03/06/',CONVERT(VARCHAR,YEAR(GETDATE()))),4,CONCAT('07/06/',CONVERT(VARCHAR,YEAR(GETDATE()))));
INSERT INTO arriendo_camion VALUES ('WE1002','8716085',CONCAT('08/06/',CONVERT(VARCHAR,YEAR(GETDATE()))),5,CONCAT('12/06/',CONVERT(VARCHAR,YEAR(GETDATE()))));
INSERT INTO arriendo_camion VALUES ('AHEW11','12503185',CONCAT('03/07/',CONVERT(VARCHAR,YEAR(GETDATE()))),6,CONCAT('09/07/',CONVERT(VARCHAR,YEAR(GETDATE()))));
INSERT INTO arriendo_camion VALUES ('FG1001','12503185',CONCAT('03/07/',CONVERT(VARCHAR,YEAR(GETDATE()))),7,CONCAT('10/07/',CONVERT(VARCHAR,YEAR(GETDATE()))));
INSERT INTO arriendo_camion VALUES ('BE1002','10586995',CONCAT('03/07/',CONVERT(VARCHAR,YEAR(GETDATE()))),8,CONCAT('11/07/',CONVERT(VARCHAR,YEAR(GETDATE()))));
INSERT INTO arriendo_camion VALUES ('WE1002','11949670',CONCAT('01/07/',CONVERT(VARCHAR,YEAR(GETDATE()))),9,CONCAT('12/07/',CONVERT(VARCHAR,YEAR(GETDATE()))));
INSERT INTO arriendo_camion VALUES ('TY1003','9771046',CONCAT('03/08/',CONVERT(VARCHAR,YEAR(GETDATE()))),3,CONCAT('12/08/',CONVERT(VARCHAR,YEAR(GETDATE()))));
INSERT INTO arriendo_camion VALUES ('TY1003','12095272',CONCAT('03/08/',CONVERT(VARCHAR,YEAR(GETDATE()))),5,CONCAT('08/08/',CONVERT(VARCHAR,YEAR(GETDATE()))));
INSERT INTO arriendo_camion VALUES ('AHEW11','14632410',CONCAT('11/08/',CONVERT(VARCHAR,YEAR(GETDATE()))),7,CONCAT('12/08/',CONVERT(VARCHAR,YEAR(GETDATE()))));
INSERT INTO arriendo_camion VALUES ('AHEW11','9798044',CONCAT('03/08/',CONVERT(VARCHAR,YEAR(GETDATE()))),6,CONCAT('11/08/',CONVERT(VARCHAR,YEAR(GETDATE()))));
INSERT INTO arriendo_camion VALUES ('BE1002','12832359',CONCAT('03/08/',CONVERT(VARCHAR,YEAR(GETDATE()))),7,CONCAT('10/08/',CONVERT(VARCHAR,YEAR(GETDATE()))));
INSERT INTO arriendo_camion VALUES ('TY1003','12302426',CONCAT('03/08/',CONVERT(VARCHAR,YEAR(GETDATE()))),7,CONCAT('10/08/',CONVERT(VARCHAR,YEAR(GETDATE()))));
INSERT INTO arriendo_camion VALUES ('TY1003','12467533',CONCAT('03/08/',CONVERT(VARCHAR,YEAR(GETDATE()))),7,CONCAT('09/08/',CONVERT(VARCHAR,YEAR(GETDATE()))));
INSERT INTO arriendo_camion VALUES ('ASEZ11','12470801',CONCAT('03/07/',CONVERT(VARCHAR,YEAR(GETDATE()))),8,CONCAT('08/07/',CONVERT(VARCHAR,YEAR(GETDATE()))));
INSERT INTO arriendo_camion VALUES ('AQDD04','13035746',CONCAT('03/07/',CONVERT(VARCHAR,YEAR(GETDATE()))),4,CONCAT('07/07/',CONVERT(VARCHAR,YEAR(GETDATE()))));
INSERT INTO arriendo_camion VALUES ('AHEW11','13035746',CONCAT('03/07/',CONVERT(VARCHAR,YEAR(GETDATE()))),3,CONCAT('09/07/',CONVERT(VARCHAR,YEAR(GETDATE()))));
INSERT INTO arriendo_camion VALUES ('TY1003','12866998',CONCAT('03/07/',CONVERT(VARCHAR,YEAR(GETDATE()))),2,CONCAT('05/07/',CONVERT(VARCHAR,YEAR(GETDATE()))));
INSERT INTO arriendo_camion VALUES ('VR1003','11872936',CONCAT('03/07/',CONVERT(VARCHAR,YEAR(GETDATE()))),1,CONCAT('04/07/',CONVERT(VARCHAR,YEAR(GETDATE()))));
INSERT INTO arriendo_camion VALUES ('AZ1001','14526736',CONCAT('03/07/',CONVERT(VARCHAR,YEAR(GETDATE()))),6,CONCAT('10/07/',CONVERT(VARCHAR,YEAR(GETDATE()))));
INSERT INTO arriendo_camion VALUES ('AZ1001','9964101',CONCAT('03/07/',CONVERT(VARCHAR,YEAR(GETDATE()))),5,CONCAT('08/07/',CONVERT(VARCHAR,YEAR(GETDATE()))));
INSERT INTO arriendo_camion VALUES ('VR1003','13072796',CONCAT('03/07/',CONVERT(VARCHAR,YEAR(GETDATE()))),4,CONCAT('07/07/',CONVERT(VARCHAR,YEAR(GETDATE()))));
INSERT INTO arriendo_camion VALUES ('AQDD04','13072796',CONCAT('03/08/',CONVERT(VARCHAR,YEAR(GETDATE()))),3,CONCAT('06/08/',CONVERT(VARCHAR,YEAR(GETDATE()))));
INSERT INTO arriendo_camion VALUES ('AQDD04','13072796',CONCAT('03/08/',CONVERT(VARCHAR,YEAR(GETDATE()))),2,CONCAT('05/08/',CONVERT(VARCHAR,YEAR(GETDATE()))));
INSERT INTO arriendo_camion VALUES ('AZ1001','12649650',CONCAT('03/08/',CONVERT(VARCHAR,YEAR(GETDATE()))),1,CONCAT('04/08/',CONVERT(VARCHAR,YEAR(GETDATE()))));
INSERT INTO arriendo_camion VALUES ('AQDD04','13078214',CONCAT('03/07/',CONVERT(VARCHAR,YEAR(GETDATE()))),1,CONCAT('04/07/',CONVERT(VARCHAR,YEAR(GETDATE()))));
INSERT INTO arriendo_camion VALUES ('VR1003','12189232',CONCAT('03/08/',CONVERT(VARCHAR,YEAR(GETDATE()))),1,CONCAT('04/08/',CONVERT(VARCHAR,YEAR(GETDATE()))));
INSERT INTO arriendo_camion VALUES ('AHEW11','8533901',CONCAT('03/03/',CONVERT(VARCHAR,YEAR(GETDATE()))),1,CONCAT('04/03/',CONVERT(VARCHAR,YEAR(GETDATE()))));
